Name,File,Categories
"ANX-EMI-Test-Probe : PoE EMI Testing",http://silvertel.com/images/appsnotes/ANX-EMI-Test-Probe.pdf,"Application Notes"
"ANX-1000BASE-T-CONNECTIONS : PoE 1000Base-T input Connections",http://silvertel.com/images/appsnotes/ANX-1000BASE-T-CONNECTIONS-for-PoE.pdf,"Application Notes"
"ANX-PoE EMI Considerations : How to design EMI compliant PoE circuit",http://silvertel.com/images/appsnotes/ANX-POE-EMI-Considerations.pdf,"Application Notes"
"ANX-PoE-PHY-Protection : Ethernet PHY Transient Voltage Protection Circuit",http://silvertel.com/images/appsnotes/ANX-POE-PHY-Protection-circuit.pdf,"Application Notes"
"ANX-PoE Isolation Barrier : Explaining the PoE isolation requirements",http://silvertel.com/images/appsnotes/ANX-POE-Isolation-Barrier-explained.pdf,"Application Notes"
"ANX-PoE-Output-Filtering : How to filter the output of the module",http://silvertel.com/images/appsnotes/ANX-POE-Output-Filtering-circuit.pdf,"Application Notes"
"ANX-PoE-Protection : PoE over-voltage Protection Circuit",http://silvertel.com/images/appsnotes/ANX-POE-Protection-circuit.pdf,"Application Notes"
"ANX-PoE-Thermal Considerations : PoE Thermal design for PCB",http://silvertel.com/images/appsnotes/ANX-POE-Thermal-Considerations.pdf,"Application Notes"
"ANX-PoE Data Termination : Ethernet termination in the PD",http://silvertel.com/images/appsnotes/ANX-POE-Data-Termination-for-PoE.pdf,"Application Notes"
"ANX-PoE Power : Power available over PoE",http://silvertel.com/images/appsnotes/ANX-POE-What_-Power-is-available.pdf,"Application Notes"
"ANX-PoE External Back-up circuit with PoE as priority",http://silvertel.com/images/appsnotes/ANX-POE-External-Back-up-Gating.pdf,"Application Notes"
"Ag9200-1 : Interface Connection Circuit",http://silvertel.com/images/appsnotes/AN9200-1-PoE-interface-connections-explained.pdf,"Application Notes"
"ANX-PoE Minimum Load Circuit and Explanation",http://silvertel.com/images/appsnotes/ANX-POE-Minimum-Load-Explanation.pdf,"Application Notes"
"ANX-PoE External Supply Gating with External supply as priority",http://silvertel.com/images/appsnotes/ANX-POE-External-Supply-Gating.pdf,"Application Notes"
"ANX-PoE Light Load Start-up",http://silvertel.com/images/appsnotes/ANX-POE-Start-up-Load-v1-0.pdf,"Application Notes"
"ANX-HDBaseT filtering circuit suggestions",http://silvertel.com/images/appsnotes/ANX-POE-Filtering-for-HDBaseT.pdf,"Application Notes"
"ANX-PoE Suggested circuit for gating high power PoE with external supply",http://silvertel.com/images/appsnotes/ANX-POE-circuit-for-High-Power-PoE-Gating-Ext-Supply.pdf,"Application Notes"
"ANX-PoE AT Detect : Explanation of IEEE802.3at signature requirements",http://silvertel.com/images/appsnotes/ANX-POE-AT-Detect-explained.pdf,"Application Notes"
"ANX-PoE Data Link Layer Classification",http://silvertel.com/images/appsnotes/ANX-POE-Data-Link-Layer-Classification.pdf,"Application Notes"
"ANX-PoE-EXT-CLASS-External_Class_Programming_circuit",http://silvertel.com/images/appsnotes/ANX-PoE-EXT-CLASS-External_Class_Programming_circuit.pdf,"Application Notes"
"Ag5100-1 : Output Configuration Circuit",http://silvertel.com/images/appsnotes/AN5100-1-How-to-setup-different-output-config.pdf,"Application Notes"
"Ag9000-4 : Series Outputs for greater Power or Voltage",http://silvertel.com/images/appsnotes/AN9000-4-How-to-configure-series-outputs.pdf,"Application Notes"
"Ag9000-6 : Dual Setup for more Power",http://silvertel.com/images/appsnotes/AN9000-6-how-to-configure-dual-setup.pdf,"Application Notes"
"ANX : SPE",https://silvertel.com/images/appsnotes/ANX-SPE.pdf,"Application Notes"
